title,price,company,moq,rating,image,link,scrapedAt
Classic Role Cosplay Kids Girls Children Role-play Cute Cartoon Stage Performance Costume,$4.97,"Huizhou Shenyuan Toys Co., Ltd.",Min. order: 2 sets,4.8,https://s.alicdn.com/@sc04/kf/He2e45bb3e81544329be9322e64aa6981V.jpg_300x300.jpg,https://www.alibaba.com/product-detail/Classic-Role-Cosplay-Kids-Girls-Children_1601009904543.html,2025-02-06T10:58:57.489Z
Christmas Pet Cat Hooded Cape Little Red Riding Hood Cape,$1.85,"Guangzhou Xiangzhu Architectural Design Co., Ltd.",Min. order: 2 pieces,5.0,https://s.alicdn.com/@sc04/kf/Ad312b8e5185c435c8390af6d4436414aV.jpg_300x300.jpg,https://www.alibaba.com/product-detail/Christmas-Pet-Cat-Hooded-Cape-Little_10000022337475.html,2025-02-06T10:58:57.698Z
Manufacturer's Direct Sales Book Character Little Red Costume Halloween Girl Cosplay Costume,$8.14,"Wenling Karina Clothing Co., Ltd.",Min. order: 2 pieces,nil,https://s.alicdn.com/@sc04/kf/Hc8956dbc858c4a44a17cb09cbaf09f380.jpg_300x300.jpg,https://www.alibaba.com/product-detail/Manufacturer-s-Direct-Sales-Book-Character_1601255060371.html?selectedCarrierCode=SEMI_MANAGED_STANDARD@@STANDARD,2025-02-06T10:58:57.923Z
Kid Halloween Carnival Fantasia Party Little Red for Girls,$12.00,"Dongguan Rui Teng Gift Co., Ltd.",Min. order: 1 piece,4.7,https://s.alicdn.com/@sc04/kf/H3f55467a394a42aa9bee01cb50be8664F.jpg_300x300.jpg,https://www.alibaba.com/product-detail/Kid-Halloween-Carnival-Fantasia-Party-Little_1600426532555.html,2025-02-06T10:58:58.165Z
Adult Halloween Little Red Riding Hood Costume Cosplay Cloak Loose Hooded Cape for Women Unisex,$6.64,"Xiamen Rebodlin Import And Export Co., Ltd.",Min. order: 1 set,4.1,https://s.alicdn.com/@sc04/kf/Hd74bab796697420bbc390ac3f111361ah.jpg_300x300.jpg,https://www.alibaba.com/product-detail/Adult-Halloween-Little-Red-Riding-Hood_1601153659991.html,2025-02-06T10:58:58.311Z
High quality children kids Halloween costumes Little For Girls Fancy Dress Costume,$13.80,"Quanzhou Haosheng Garment Trade Co., Ltd.",Min. order: 2 pieces,5.0,https://s.alicdn.com/@sc04/kf/H1aec1e24c5d041f9b4baaac3b4aadc36I.jpg_300x300.jpg,https://www.alibaba.com/product-detail/High-quality-children-kids-Halloween-costumes_62070091758.html,2025-02-06T10:58:58.446Z
Double-layer children cosplay fairy tale wolf grandma cape for kids and adult,$1.30-2.60,"Hangzhou Ruihao Material Co., Ltd.",Min. order: 1 piece,5.0,https://s.alicdn.com/@sc04/kf/H050b7edfb3044c7a852f8043bf2afa5fm.png_300x300.png,https://www.alibaba.com/product-detail/Double-layer-children-cosplay-fairy-tale_62225628306.html,2025-02-06T10:58:58.579Z
Baige 2024 New Arrival Children Werewolf Animal Wolf Funny Costume for Kids,$12.13,"Yiwu Baige International Trade Co., Ltd.",Min. order: 3 pieces,4.3,https://s.alicdn.com/@sc04/kf/H0ba5cbbd1873445f9cc36c65b9c8b094T.jpg_300x300.jpg,https://www.alibaba.com/product-detail/Baige-2024-New-Arrival-Children-Werewolf_1601301453301.html,2025-02-06T10:58:58.778Z
New Little Red Riding Hood Costume for Adults Casual Christmas Style Anime Character Cosplay Uniform for Halloween Castle Queen,$10.30,"Guangzhou Man Wei Animation Clothing Co., Ltd.",Min. order: 5 pieces,4.8,https://s.alicdn.com/@sc04/kf/H1e1872a913a64957b0869b6d6224c70eh.jpg_300x300.jpg,https://www.alibaba.com/product-detail/New-Little-Red-Riding-Hood-Costume_1601358940258.html,2025-02-06T10:58:58.918Z
Halloween Kids Little Red Riding Hood Costume With Velvet Cape For Girls,$7.80,"Yiwu Wanyue Import And Export Co., Ltd.",Min. order: 3 pieces,4.4,https://s.alicdn.com/@sc04/kf/Hc1e990ec274b4a9292ca4ec141ca2a8bA.png_300x300.png,https://www.alibaba.com/product-detail/Halloween-Kids-Little-Red-Riding-Hood_1600947630169.html,2025-02-06T10:58:59.054Z
Halloween Cosplay Costume for Little Red Riding Hood,$9.84,"Shenzhen Huiyuxin Trading Co., Ltd.",Min. order: 20 pieces,nil,https://s.alicdn.com/@sc04/kf/HLB1HCuhUCzqK1RjSZPcq6zTepXab.jpg_300x300.jpg,https://www.alibaba.com/product-detail/Halloween-Cosplay-Costume-for-Little-Red_62106545258.html,2025-02-06T10:58:59.173Z
Off-the-shelf Christmas clothing Adult Christmas Cape Cape Christmas Cape Party stage costume,$8.30,"Suzhou Fufeng Trading Co., Ltd.",Min. order: 2 pieces,4.5,https://s.alicdn.com/@sc04/kf/H7ca0f3ba76a64a5aa7fb9733ec6c9800C.jpg_300x300.jpg,https://www.alibaba.com/product-detail/Off-the-shelf-Christmas-clothing-Adult_1601213187259.html,2025-02-06T10:58:59.297Z
S-3XL Plus Size European and American Halloween Cloak Costume Cosplay Game Uniform,$9.80,"Shenzhen Yimeijia Import And Export Trading Co., Ltd.",Min. order: 2 pieces,4.7,https://s.alicdn.com/@sc04/kf/H160de5636ae7406181c51932accadeb2O.jpg_300x300.jpg,https://www.alibaba.com/product-detail/S-3XL-Plus-Size-European-and_1601261807645.html,2025-02-06T10:58:59.464Z
2024 SDS Halloween Little Red Riding Hood Adult Party Costume European and American Style,$10.33,"Yiwu Chengxiao E-Commerce Co., Ltd.",Min. order: 2 pieces,4.4,https://s.alicdn.com/@sc04/kf/H5c60739899624a04b2c06a2638fdcfe87.png_300x300.png,https://www.alibaba.com/product-detail/2024-SDS-Halloween-Little-Red-Riding_1601266997027.html,2025-02-06T10:58:59.609Z
E117 Halloween Christmas Children's Clothing New Performance Girls Cloak Maid Party Suit Wholesale,$5.50,"Hangzhou Yuxuan Trading Co., Ltd.",Min. order: 5 pieces,3.9,https://s.alicdn.com/@sc04/kf/H3293d611856d4a7095a98ba5085189e5n.png_300x300.png,https://www.alibaba.com/product-detail/E117-Halloween-Christmas-Children-s-Clothing_1601336581142.html,2025-02-06T10:58:59.830Z
Classic Role Cosplay Kids Girls Children Role-play Cute Cartoon Stage Performance Costume,$4.95,"Wuhan Mantian Xingchen Trading Co., Ltd.",Min. order: 100 pieces,3.9,https://s.alicdn.com/@sc04/kf/H0604a2caca1d49668e7836c69fad9a4bU.png_300x300.png,https://www.alibaba.com/product-detail/Classic-Role-Cosplay-Kids-Girls-Children_1601052911465.html,2025-02-06T10:59:00.010Z
Little Red Riding Hood Costume Halloween Costume,$10.99,"YiWu TG Promo lmport & Export Co,LTD.",Min. order: 50 pieces,4.8,https://s.alicdn.com/@sc04/kf/Hd8bb12f4d5844ea0a2afc3cd1183d54cj.jpg_300x300.jpg,https://www.alibaba.com/product-detail/Little-Red-Riding-Hood-Costume-Halloween_1601054530631.html,2025-02-06T10:59:00.216Z
New Commercial Rental Lovely Princess Martha Cosplay Mascot Costumes for Adult,$39.00-59.00,"Guangzhou Mascot Trading Co., Ltd.",Min. order: 2 pieces,4.3,https://s.alicdn.com/@sc04/kf/H8e1eb16249854fdaa0508dd6ee8b197cF.png_300x300.png,https://www.alibaba.com/product-detail/New-Commercial-Rental-Lovely-Princess-Martha_1601242844798.html,2025-02-06T10:59:00.415Z
Stage Show Clothing Set Girl Halloween Clothes Carnival Outfit Costume With Cloak,$6.80,"Hanchuan Ouwanni Clothing Co., Ltd.",Min. order: 10 pieces,4.7,https://s.alicdn.com/@sc04/kf/H4015035b912e42da95d8be74af3c9b1aT.jpg_300x300.jpg,https://www.alibaba.com/product-detail/Stage-Show-Clothing-Set-Girl-Halloween_1601016672972.html,2025-02-06T10:59:00.557Z
Cosplay party women's dress costume little red halloween boutique clothes,$19.90,"Ningbo Bolo Party Import And Export Co., Ltd.",Min. order: 500 sets,4.6,https://s.alicdn.com/@sc04/kf/Hd413fb6253754342a0b18ecd2e070b43J.png_300x300.png,https://www.alibaba.com/product-detail/Cosplay-party-women-s-dress-costume_1600193122465.html,2025-02-06T10:59:00.680Z
2024Y Halloween Women Leopard Trim Little Red Costume,$12.98,"Xiamen Nipeng Trading Co., Ltd.",Min. order: 3 pieces,5.0,https://s.alicdn.com/@sc04/kf/H6ad2afe0e2b7475ebb423841644be118U.jpg_300x300.jpg,https://www.alibaba.com/product-detail/2024Y-Halloween-Women-Leopard-Trim-Little_1601255086044.html,2025-02-06T10:59:00.851Z
9013 S-3XL Women Girls Little Red Riding Hood Halloween Maid Oktoberfest Fairytale Costume Ecoparty,$11.85,"Xinxiang City Muye District Wange Clothing Co., Ltd.",Min. order: 5 pieces,4.4,https://s.alicdn.com/@sc04/kf/H180dd14fb46a422f98d6f38fb55720cdk.jpg_300x300.jpg,https://www.alibaba.com/product-detail/9013-S-3XL-Women-Girls-Little_1601247350268.html,2025-02-06T10:59:00.997Z
Halloween Cosplay Costume Adult Cape Maid Cosplay Stage Performance Fairy Tale Character,$16.90-18.70,"Yiwu Minco Import And Export Co., Ltd.",Min. order: 2 pieces,4.9,https://s.alicdn.com/@sc04/kf/He9474d3504a94187b51b3f2d1de02130s.jpg_300x300.jpg,https://www.alibaba.com/product-detail/Halloween-Cosplay-Costume-Adult-Cape-Maid_1601212450783.html,2025-02-06T10:59:01.193Z
Halloween Costumes Children'S Little Red Riding Cosplay Clothes Supply Fairy Tale Stage Costume,$16.86,"Hangzhou Haiwei Jiapin E-Commerce Co., Ltd.",Min. order: 5 pieces,5.0,https://s.alicdn.com/@sc04/kf/H0d61460fe86f49069e0a28bcb46851d3W.jpg_300x300.jpg,https://www.alibaba.com/product-detail/Halloween-Costumes-Children-S-Little-Red_1601262258379.html,2025-02-06T10:59:01.406Z
New Year Sweet Lovely Snow Little Red Riding Lolita Plus Velvet Thick Hooded Jacket Coat,$28.89-29.99,"Guangzhou Luoliyi Garment Co., Ltd.",Min. order: 2 pieces,5.0,https://s.alicdn.com/@sc04/kf/H183e62b6b678459380fe2cef52b66d340.jpg_300x300.jpg,https://www.alibaba.com/product-detail/New-Year-Sweet-Lovely-Snow-Little_1600163748261.html,2025-02-06T10:59:01.645Z
New Little Red Riding Hood Wild Grandma Selling Sticks Girl Sexy Game Uniform Halloween Party Clothing,$12.00,"Louis Clothing (Foshan) Co., Ltd.",Min. order: 2 pieces,4.4,https://s.alicdn.com/@sc04/kf/H062b48db52d0475c91107eccec929eefS.jpg_300x300.jpg,https://www.alibaba.com/product-detail/New-Little-Red-Riding-Hood-Wild_1600994352618.html,2025-02-06T10:59:01.823Z
Halloween Adult Little Red Riding Hood Costume Cosplay Party Featuring TV Character Printed Cloak Festive Source,$10.50,"Jinan Jiahe Wanrun Electronic Technology Co., Ltd.",Min. order: 2 pieces,4.9,https://s.alicdn.com/@sc04/kf/H9ed841126ce84a3999ef56f858871139t.jpg_300x300.jpg,https://www.alibaba.com/product-detail/Halloween-Adult-Little-Red-Riding-Hood_1601265992882.html,2025-02-06T10:59:01.993Z
Halloween Little Red Riding Hood Costume Adult Nightclub Queen Cosplay Uniform,$3.80-14.00,"Dongguan Span Sports Co., Ltd.",Min. order: 1 piece,4.8,https://s.alicdn.com/@sc04/kf/HTB1D.HFc56guuRjy1Xdq6yAwpXad.jpg_300x300.jpg,https://www.alibaba.com/product-detail/Halloween-Little-Red-Riding-Hood-Costume_60790055448.html,2025-02-06T10:59:02.169Z
Red Cloak Womens Little Red Riding Hood Costume Halloween Cloak Cosplay Costume for Women Plus Size,$7.55-8.50,"Quzhou Shengyi Craft Co., Ltd.",Min. order: 100 pieces,nil,https://s.alicdn.com/@sc04/kf/Hbe76a14acf964bbcae5d8b07f02c6b92h.jpg_300x300.jpg,https://www.alibaba.com/product-detail/Red-Cloak-Womens-Little-Red-Riding_1600937074759.html,2025-02-06T10:59:02.310Z
Halloween Carnival Adult Cosplay Party Costume Fancy Party Dress Costume,$8.80-13.80,"Foshan Shengchi Trading Co., Ltd.",Min. order: 2 pieces,4.8,https://s.alicdn.com/@sc04/kf/Hbb58bf09bf3d48e388224d8a64526bcdE.jpg_300x300.jpg,https://www.alibaba.com/product-detail/Halloween-Carnival-Adult-Cosplay-Party-Costume_1600879742454.html,2025-02-06T10:59:02.466Z
Cute Girl European and American Halloween Little Costume Adult Cosplay Clothing Party Packaging,$9.99-11.99,"Guangzhou Bosja International Trading Co., Ltd.",Min. order: 50 pieces,5.0,https://s.alicdn.com/@sc04/kf/H14c2fe9bc0b7409f9a2d533a77c0e11aK.jpg_300x300.jpg,https://www.alibaba.com/product-detail/Cute-Girl-European-and-American-Halloween_1601194442247.html,2025-02-06T10:59:02.633Z
Halloween Cosplay Costume Adult Cape Maid Little Red Stage Performance Fairy Tale Character for Carnivel Costume,$10.40-24.33,"Wuhan Olaiman Clothing Co., Ltd.",Min. order: 1 pack,4.3,https://s.alicdn.com/@sc04/kf/Hbfffffdeaf1d46fb9e8323c1e7939ea1D.jpg_300x300.jpg,https://www.alibaba.com/product-detail/Halloween-Cosplay-Costume-Adult-Cape-Maid_1601290627747.html,2025-02-06T10:59:02.803Z
Most Popular Smooth Costumes For Kids Girls Halloween Clothes for Masquerade,$8.90,"Yiwu Baige Crafts Co., Ltd.",Min. order: 5 pieces,4.5,https://s.alicdn.com/@sc04/kf/H63e138eefaef4391ab79ef4181a813858.jpg_300x300.jpg,https://www.alibaba.com/product-detail/Most-Popular-Smooth-Costumes-For-Kids_1601297415929.html,2025-02-06T10:59:02.962Z
High Quality Hot Sale Halloween Little Red Riding Costume Cape Dress Adult Cosplay Party Costume Women's Set,$13.80,"Guangzhou Tabian Technology Co., Ltd.",Min. order: 2 pieces,4.6,https://s.alicdn.com/@sc04/kf/H0c825e16311b4cb7b514e92621156b356.jpg_300x300.jpg,https://www.alibaba.com/product-detail/High-Quality-Hot-Sale-Halloween-Little_1601269471901.html,2025-02-06T10:59:03.230Z
9013 S-3XL Women Girls Little Red Riding Hood Halloween Maid Oktoberfest Fairytale Costume ecoparty,$10.85-11.85,"Quanzhou Minshan Import & Export Trading Co., Ltd.",Min. order: 1 piece,4.3,https://s.alicdn.com/@sc04/kf/H475e83147b1e40ee95a28a782268246aj.jpg_300x300.jpg,https://www.alibaba.com/product-detail/9013-S-3XL-Women-Girls-Little_1600560378385.html,2025-02-06T10:59:03.443Z
Halloween Costume Makeup Ball Little Red Riding Hood Clothing Cloak Children's Performance Clothing COS Performance Set,$7.42-9.90,"Yiwu City Yiyuan Apparel Co., Ltd.",Min. order: 30 sets,5.0,https://s.alicdn.com/@sc04/kf/H48421c3aa33b413a91ae543feba9819cR.jpg_300x300.jpg,https://www.alibaba.com/product-detail/Halloween-Costume-Makeup-Ball-Little-Red_1600938536734.html,2025-02-06T10:59:03.596Z
Adult Kids Halloween Carnival Party Classic Role-play Fancy Dress Cloak Cartoon Stage Performance Costume,$5.88-14.70,"Guangxi Nanning Mancai Trading Co.,ltd",Min. order: 2 pieces,4.5,https://s.alicdn.com/@sc04/kf/Hcef9fd83ee9942a1b1c92aa12dba982cb.jpg_300x300.jpg,https://www.alibaba.com/product-detail/Adult-Kids-Halloween-Carnival-Party-Classic_1601167183530.html,2025-02-06T10:59:03.769Z
Commercial Rental Lovely Princess Martha Little Red Cosplay Mascot Costumes For Adult,$170.00-197.00,"Guangzhou Leqi Inflatable Co., Ltd.",Min. order: 1 piece,4.5,https://s.alicdn.com/@sc04/kf/He0cb209038e9465ea4ee5b4b198918826.png_300x300.png,https://www.alibaba.com/product-detail/Commercial-Rental-Lovely-Princess-Martha-Little_1600720760204.html,2025-02-06T10:59:03.972Z
Amazon Recommended Little Red Riding Hood Costume Unisex Adult for Cosplay Party,$9.00,"Wuhan Fuliqie International Trade Co., Ltd.",Min. order: 10 pieces,nil,https://s.alicdn.com/@sc04/kf/Hcef2d771c70447fc9f979763f948b8f6G.jpg_300x300.jpg,https://www.alibaba.com/product-detail/Amazon-Recommended-Little-Red-Riding-Hood_1601283541762.html,2025-02-06T10:59:04.133Z
Women's Little Red Riding Hood Halloween Cloak Cosplay Costume Make Up Party Dress Family Party Clothes,$8.20,"Shanghai Xifu Trading Co., Ltd.",Min. order: 2 pieces,nil,https://s.alicdn.com/@sc04/kf/Hab32a1e4342649cda9ed34b4feeb6533p.jpg_300x300.jpg,https://www.alibaba.com/product-detail/Women-s-Little-Red-Riding-Hood_1601009515104.html,2025-02-06T10:59:04.289Z
Most Popular Smooth Costumes for Kids Girls Halloween Clothes for Masquerade,$7.50-8.90,"Wuhan Hongbo Mingchuang E-Commerce Co., Ltd.",Min. order: 5 pieces,4.9,https://s.alicdn.com/@sc04/kf/Ha4181211b6aa4d35970f4c529f0e6fbf4.jpg_300x300.jpg,https://www.alibaba.com/product-detail/Most-Popular-Smooth-Costumes-for-Kids_1600588916180.html,2025-02-06T10:59:04.422Z
Potters Costume Cosplay High Quantity Dresses Little Halloween Cloak Jackets for adult,$8.23-8.43,"Lianyungang Vashman Clothing Co., Ltd.",Min. order: 3 pieces,nil,https://s.alicdn.com/@sc04/kf/Hbc5a4cfbf8234eac9e6cfdcfb7e0d593V.jpg_300x300.jpg,https://www.alibaba.com/product-detail/Potters-Costume-Cosplay-High-Quantity-Dresses_1600078033512.html,2025-02-06T10:59:04.591Z
Children Christmas Little Red Riding Hood Cloak Christmas Party Performance Costumes,$8.20,"Yiwu Rynel Garment Co., Ltd.",Min. order: 3 pieces,nil,https://s.alicdn.com/@sc04/kf/H92fd33a85ee6431f80059db791006128e.jpg_300x300.jpg,https://www.alibaba.com/product-detail/Children-Christmas-Little-Red-Riding-Hood_1601297136204.html,2025-02-06T10:59:04.747Z
Hot New Halloween Little Red Riding Hood Cosplay Costume Girls Character Pattern Cape Includes Dress Other Components Children,$14.86-18.29,"Ningbo Rocky Arts And Crafts Co., Ltd.",Min. order: 2 pieces,nil,https://s.alicdn.com/@sc04/kf/H3077675913e044a0866ef7e4b8a73781o.jpg_300x300.jpg,https://www.alibaba.com/product-detail/Hot-New-Halloween-Little-Red-Riding_1601296397252.html,2025-02-06T10:59:04.940Z
Halloween Little Red Riding Hood cosplay costume,$16.50,"Foshan Camilla Garments Co., Ltd.",Min. order: 2 pieces,4.7,https://s.alicdn.com/@sc04/kf/H88d147d379714c2395d58bbddf41446eP.jpg_300x300.jpg,https://www.alibaba.com/product-detail/Halloween-Little-Red-Riding-Hood-cosplay_1600565683081.html,2025-02-06T10:59:05.169Z
New Autumn and Winter 2024 Christmas New Year Cardigan Hairball removable,$12.00-13.20,"Hangzhou Lingjia Fashion Design Co., Ltd.",Min. order: 200 sets,nil,https://s.alicdn.com/@sc04/kf/Hc2ef209479ac49e1a3ca7ff136e52ac3C.png_300x300.png,https://www.alibaba.com/product-detail/New-Autumn-and-Winter-2024-Christmas_1601295813900.html,2025-02-06T10:59:05.412Z
Decorative Dome- Little Red Riding Hood Theme SHK13,$0.10-0.35,"Ningbo Century Grand Imp.&exp. Co., Ltd.","Min. order: 3,600 sets",nil,https://s.alicdn.com/@sc04/kf/H7b87992c4df34d268eb57b450fc95db7o.jpg_300x300.jpg,https://www.alibaba.com/product-detail/Decorative-Dome-Little-Red-Riding-Hood_1600266924140.html,2025-02-06T10:59:05.608Z
Little Red Riding Hood Cape Dog Autumn and Winter Warm Clothing Pet Cat Hooded Shirt Small Size Christmas Pet Clothing,$1.30-1.42,"Yiwushi Jiashun Trading Co., Ltd.",Min. order: 50 pieces,nil,https://s.alicdn.com/@sc04/kf/He604883bdab5453587ca89bf1f792dd4w.jpg_300x300.jpg,https://www.alibaba.com/product-detail/Little-Red-Riding-Hood-Cape-Dog_1601346148387.html,2025-02-06T10:59:05.814Z